ActivityName,Activityid,Status,Statuscode,State,Statecode
Звонок,1,Клиент согласен/создана возможная сделка/назначена встреча для сделки,1,Успешно,1
Звонок,1,Назначена встреча для дальнейшего обсуждения предложения,2,Успешно,1
Звонок,1,"Назначен повторный звонок, клиент взял время на обдумывание",3,Успешно,1
Звонок,1,Отложить звонок – клиенту неудобно разговаривать,4,Неуспешно,2
Звонок,1,Отложить звонок – клиент не отвечает или недоступен,5,Неуспешно,2
Звонок,1,Отказ от предложения,6,Неуспешно,2
Звонок,1,Некорректные контактные данные,7,Ошибка,3
Звонок,1,Необходимо исключить клиента из коммуникаций,8,Неуспешно,2
Звонок,1,Закрытие без обработки по согласованию с клиентским маркетингом,9,Ошибка,3
Звонок,1,Не удалось дозвониться. Исчерпаны попытки дозвона,11,Неуспешно,2
Встреча,2,Клиент согласен/создана возможная сделка/назначена встреча для сделки,12,Успешно,1
Встреча,2,Назначена повторная встреча для дальнейшего обсуждения предложения,13,Успешно,1
Встреча,2,"Назначен повторный звонок, клиент взял время на обдумывание",14,Успешно,1
Встреча,2,Отказ от предложения,15,Неуспешно,2
Встреча,2,Оформлена сделка,16,Успешно,1
Email,3,Открыто,17,Успешно,1
Email,3,Переход по ссылке,18,Успешно,1
Email,3,Не доставлено,19,Ошибка,3
Email,3,Помещено в спам,20,Ошибка,3
Email,3,Отправлено,21,Неуспешно,2
